{
  "model_name": "gru",
  "overall": {
    "auc": 0.859092459911293,
    "accuracy": 0.772,
    "precision": 0.7556357078449053,
    "recall": 0.8191593352883676,
    "sensitivity": 0.8191593352883676,
    "specificity": 0.7226202661207779,
    "tp": 838,
    "fp": 271,
    "tn": 706,
    "fn": 185,
    "total": 2000
  },
  "by_race": {
    "overall": {
      "auc": 0.859092459911293,
      "accuracy": 0.772,
      "precision": 0.7556357078449053,
      "recall": 0.8191593352883676,
      "sensitivity": 0.8191593352883676,
      "specificity": 0.7226202661207779,
      "tp": 838,
      "fp": 271,
      "tn": 706,
      "fn": 185,
      "total": 2000
    },
    "white": {
      "auc": 0.8473097673220689,
      "accuracy": 0.7579700715679896,
      "precision": 0.7254196642685852,
      "recall": 0.8088235294117647,
      "sensitivity": 0.8088235294117647,
      "specificity": 0.7097591888466414,
      "tp": 605,
      "fp": 229,
      "tn": 560,
      "fn": 143,
      "total": 1537
    },
    "black": {
      "auc": 0.8775042126942519,
      "accuracy": 0.8098360655737705,
      "precision": 0.8670212765957447,
      "recall": 0.8316326530612245,
      "sensitivity": 0.8316326530612245,
      "specificity": 0.7706422018348624,
      "tp": 163,
      "fp": 25,
      "tn": 84,
      "fn": 33,
      "total": 305
    },
    "asian": {
      "auc": 0.9206857875340491,
      "accuracy": 0.8354430379746836,
      "precision": 0.8045977011494253,
      "recall": 0.8860759493670886,
      "sensitivity": 0.8860759493670886,
      "specificity": 0.7848101265822784,
      "tp": 70,
      "fp": 17,
      "tn": 62,
      "fn": 9,
      "total": 158
    }
  }
}