{
  "model_name": "lstm",
  "overall": {
    "auc": 0.816623994092875,
    "accuracy": 0.738,
    "precision": 0.7558974358974359,
    "recall": 0.7204301075268817,
    "sensitivity": 0.7204301075268817,
    "specificity": 0.7563971340839304,
    "tp": 737,
    "fp": 238,
    "tn": 739,
    "fn": 286,
    "total": 2000
  },
  "by_race": {
    "overall": {
      "auc": 0.816623994092875,
      "accuracy": 0.738,
      "precision": 0.7558974358974359,
      "recall": 0.7204301075268817,
      "sensitivity": 0.7204301075268817,
      "specificity": 0.7563971340839304,
      "tp": 737,
      "fp": 238,
      "tn": 739,
      "fn": 286,
      "total": 2000
    },
    "white": {
      "auc": 0.8125893807229079,
      "accuracy": 0.730644111906311,
      "precision": 0.7306629834254144,
      "recall": 0.7072192513368984,
      "sensitivity": 0.7072192513368984,
      "specificity": 0.752851711026616,
      "tp": 529,
      "fp": 195,
      "tn": 594,
      "fn": 219,
      "total": 1537
    },
    "black": {
      "auc": 0.8296199213630407,
      "accuracy": 0.760655737704918,
      "precision": 0.8514285714285714,
      "recall": 0.7602040816326531,
      "sensitivity": 0.7602040816326531,
      "specificity": 0.7614678899082569,
      "tp": 149,
      "fp": 26,
      "tn": 83,
      "fn": 47,
      "total": 305
    },
    "asian": {
      "auc": 0.831277038936068,
      "accuracy": 0.7658227848101266,
      "precision": 0.7763157894736842,
      "recall": 0.7468354430379747,
      "sensitivity": 0.7468354430379747,
      "specificity": 0.7848101265822784,
      "tp": 59,
      "fp": 17,
      "tn": 62,
      "fn": 20,
      "total": 158
    }
  }
}