{
  "model_name": "transformer",
  "overall": {
    "auc": 0.7560094289879346,
    "accuracy": 0.701,
    "precision": 0.6545454545454545,
    "recall": 0.8797653958944281,
    "sensitivity": 0.8797653958944281,
    "specificity": 0.5138178096212896,
    "tp": 900,
    "fp": 475,
    "tn": 502,
    "fn": 123,
    "total": 2000
  },
  "by_race": {
    "overall": {
      "auc": 0.7560094289879346,
      "accuracy": 0.701,
      "precision": 0.6545454545454545,
      "recall": 0.8797653958944281,
      "sensitivity": 0.8797653958944281,
      "specificity": 0.5138178096212896,
      "tp": 900,
      "fp": 475,
      "tn": 502,
      "fn": 123,
      "total": 2000
    },
    "white": {
      "auc": 0.7517867672475143,
      "accuracy": 0.6883539362394274,
      "precision": 0.6255835667600373,
      "recall": 0.8957219251336899,
      "sensitivity": 0.8957219251336899,
      "specificity": 0.4917617237008872,
      "tp": 670,
      "fp": 401,
      "tn": 388,
      "fn": 78,
      "total": 1537
    },
    "black": {
      "auc": 0.7615615053360794,
      "accuracy": 0.7475409836065574,
      "precision": 0.7874396135265701,
      "recall": 0.8316326530612245,
      "sensitivity": 0.8316326530612245,
      "specificity": 0.5963302752293578,
      "tp": 163,
      "fp": 44,
      "tn": 65,
      "fn": 33,
      "total": 305
    },
    "asian": {
      "auc": 0.8291940394167601,
      "accuracy": 0.7341772151898734,
      "precision": 0.6907216494845361,
      "recall": 0.8481012658227848,
      "sensitivity": 0.8481012658227848,
      "specificity": 0.620253164556962,
      "tp": 67,
      "fp": 30,
      "tn": 49,
      "fn": 12,
      "total": 158
    }
  }
}